Category,Product Name,Price (PKR),Rating,Source URL
Handmade Crochet Flower,Hand made crochet sunflower flower bouquet,Rs. 399,,https://www.daraz.pk/products/-i947630250.html
Handmade Crochet Flower,hand made crochet flowers lavender bouquet for decoration/ gift giving,Rs. 300,(2),https://www.daraz.pk/products/-i749928990.html
Handmade Crochet Flower,Hand made crochet Flower bouquet. bunch of 18 forgot me nots flower,Rs. 999,,https://www.daraz.pk/products/-i604056823.html
Handmade Crochet Flower,Crochet Hand made rose flower bouquet for any occasion,Rs. 499,(3),https://www.daraz.pk/products/-i619667825.html
Handmade Crochet Flower,"Handmade Crochet Flower Bouquet – Sunflower & Rose Gift | Rustic Burlap Wrap | Perfect for Gifts, Anniversaries & Home Decor| Crochet flowers",Rs. 419,(9),https://www.daraz.pk/products/-i941771149.html
Handmade Crochet Flower,Hand made crochet Flower bouquet. bunch of 18 forgot me nots flower,Rs. 777,,https://www.daraz.pk/products/18-i660105177.html
Handmade Crochet Flower,"Crochet Tulip Flower Bouquet – Handmade Woolen Tulip Flowers in Different Colors, Artificial Flower Arrangement, Gift for Her, Birthday, Valentine, Graduation, Mother’s Day",Rs. 385,,https://www.daraz.pk/products/-i1947321700.html
Handmade Crochet Flower,Handmade CROCHET SUNFLOWER | with long and adjustable stem | perfect for gift | Crochet Flowers,Rs. 499,(18),https://www.daraz.pk/products/-i549062161.html
Handmade Crochet Flower,Crochet Flower Mini Vase /Artificial Flower Mini Pot /Eid Discount Offer,Rs. 650,(86),https://www.daraz.pk/products/-i478862154.html
Handmade Crochet Flower,"Handmade Crochet Rose Flower, Beautiful Knitted Rose, Artificial Flower Gift, Single Crochet Rose Bouquet, Valentine Gift, Home Decoration",Rs. 350,,https://www.daraz.pk/products/-i1947303869.html
Handmade Crochet Flower,"crochet headphone covers, unique crochet item, crochet flower cover, headphone cover of crochet, crochet new design cover, Hand made crochet cover, best crochet cover,",Rs. 800,,https://www.daraz.pk/products/-i947314770.html
Handmade Crochet Flower,Hand Made Crochet Flowers Bouquet Blanket / Rose Flowers Bouquet Blanket for Home decor or Gift,"Rs. 1,999",,https://www.daraz.pk/products/-i948525283.html
Handmade Crochet Flower,Handmade CROCHET ROSE | Receive in a Box 📦 |different colours Crochet Flowers| with long and adjustable stem | perfect for gift| customisation available,Rs. 398,(45),https://www.daraz.pk/products/-i539934994.html
Handmade Crochet Flower,Handmade Crochet Flowers with Khaaki wrapping | Crochet rose and sunflower,Rs. 479,(27),https://www.daraz.pk/products/-i913433999.html
Handmade Crochet Flower,Hand made crochet triple layers flower cap,Rs. 800,,https://www.daraz.pk/products/-i943288344.html
Handmade Crochet Flower,CROCHET HAND MADE FLOWER,"Rs. 1,100",,https://www.daraz.pk/products/-i384133806.html
Handmade Crochet Flower,crochet mini flowers pack of ten piece,Rs. 449,(22),https://www.daraz.pk/products/-i622514061.html
Handmade Crochet Flower,Hand made crochet Tulip bouquet.Handcrafted Tulip Charm,Rs. 399,(3),https://www.daraz.pk/products/-i607189351.html
Handmade Crochet Flower,Colorful Handmade Crochet Flower Pranda | Traditional Hair Accessory On Daraz,Rs. 650,,https://www.daraz.pk/products/-i1947902732.html
Handmade Crochet Flower,Custom Handmade Crochet Tulip Flowers Bouquet / Crochet Flower,Rs. 650,(40),https://www.daraz.pk/products/-i493808223.html
Handmade Crochet Flower,"Handmade Crochet Flower Bouquet Keychain – Sunflower, Daisy & Tulip Design – Cute Gift for Girls On Daraz",Rs. 249,,https://www.daraz.pk/products/-i1947908505.html
Handmade Crochet Flower,Handmade Crochet Sunflower Keychain – Cute Knitted Flower Bag Charm & Accessory,Rs. 399,(1),https://www.daraz.pk/products/handmade-crochet-sunflower-keychain-cute-knitted-flower-bag-charm-accessory-i938516221.html
Handmade Crochet Flower,pack of three crochet hand knitted tulip bud flowers,"Rs. 2,000",,https://www.daraz.pk/products/-i573202016.html
Handmade Crochet Flower,Crochet Sunflower/Crochet/Flower/Handmade/Sunflower/Nimart,Rs. 400,(1),https://www.daraz.pk/products/-i1948011533.html
Handmade Crochet Flower,"HANDMADE CROCHET CUTE , ELEGANT AND B EAUTIFULL FLOWER SCRUNCHIE FOR GIRLS / HAIR STYLES / FASHION / ZEECRAFTSCO",Rs. 899,(2),https://www.daraz.pk/products/b-sco-i895463213.html
Handmade Crochet Flower,Handmade Crochet Red Rose – Set of 3 (3-in-1) Flowers | Everlasting Gift,Rs. 600,(2),https://www.daraz.pk/products/3-1-3-i872045852.html
Handmade Crochet Flower,hand made crochet daisy flower keychain keyholders bag charms,Rs. 193,,https://www.daraz.pk/products/-i890419322.html
Handmade Crochet Flower,Hand made crochet sunflower,Rs. 350,,https://www.daraz.pk/products/-i943062509.html
Handmade Crochet Flower,Handmade crochet rose bag – crochet Rose bag –3D Rose Bag–Gift,"Rs. 2,550",(4),https://www.daraz.pk/products/handmade-crochet-rose-bag-crochet-rose-bag-3d-rose-baggift-i948678187.html
Handmade Crochet Flower,(Pack of 3/6) Handmade Crochet Lavender Flower /Custom Handmade Lavanders /Crochet Flower / Home Decor On Daraz,Rs. 649,,https://www.daraz.pk/products/36-i1948238832.html
Handmade Crochet Flower,Crochet Rose home decor/Crochet Rose Flower/Flower,Rs. 899,(2),https://www.daraz.pk/products/-i498533788.html
Handmade Crochet Flower,Crochet handmade Sunflower.,Rs. 495,(1),https://www.daraz.pk/products/-i552325355.html
Handmade Crochet Flower,Crochet mini sunflower,Rs. 150,,https://www.daraz.pk/products/-i479447803.html
Handmade Crochet Flower,Customized Crochet Lilly Flowers,"Rs. 1,150",,https://www.daraz.pk/products/-i503606194.html
Handmade Crochet Flower,"""Handmade Crochet Rose Best Gift For Couples khaaki wrapping",Rs. 348,(8),https://www.daraz.pk/products/handmade-crochet-rose-best-gift-for-couples-khaaki-wrapping-i888289215.html
Handmade Crochet Flower,custom hand made artificial crochet flowers. choose flowers to make your custom bouquets,Rs. 300,,https://www.daraz.pk/products/-i944229370.html
Handmade Crochet Flower,"Crochet Rose Pearl Gajray for Hands/crochet Gajray/Gajray /Elegant Floral Bracelet Gajray for Mehndi, Wedding & Bridal Wear 🌹✨","Rs. 1,341",,https://www.daraz.pk/products/crochet-rose-pearl-gajray-for-handscrochet-gajraygajray-elegant-floral-bracelet-gajray-for-mehndi-wedding-bridal-wear-i1948196708.html
Handmade Crochet Flower,Flower Bouquet | Crochet,Rs. 700,,https://www.daraz.pk/products/-i884088381.html
Handmade Crochet Flower,Handmade Crochet Lavender Flower – Elegant Décor and Gifting Delight,Rs. 930,(1),https://www.daraz.pk/products/-i617436056.html
Handmade Crochet Flower,Crochet Custom handmade puff flowers / Puffed flowers / Crochet flower for diy projects,Rs. 600,(13),https://www.daraz.pk/products/diy-i456274746.html
Crocheted Accessories,57 pcs crochet hook and knitting accessories,"Rs. 2,500",(25),https://www.daraz.pk/products/57-pcs-crochet-hook-and-knitting-accessories-i426062236.html
Crocheted Accessories,12Pcs New Metal Handle Crochet Hook Knitting Needles Set Aluminum,Rs. 969,(38),https://www.daraz.pk/products/12pcs-new-metal-handle-crochet-hook-knitting-needles-set-aluminum-i109700723.html
Crocheted Accessories,12Pcs New Metal Handle Crochet Hook Set Aluminum AND Bamboo Crochet Hooks,"Rs. 1,150",(144),https://www.daraz.pk/products/12pcs-new-metal-handle-crochet-hook-set-aluminum-and-bamboo-crochet-hooks-i136896722.html
Crocheted Accessories,10 pcs cotton color full box for embroidery - cross stitch and crochet work,Rs. 748,(115),https://www.daraz.pk/products/10-i275305952.html
Crocheted Accessories,100G Faux Long Fur Mink Plush Coarse Wool Fabric And Crochet Coral Velvet Cotton Yarn For Scarves Sweaters Crochet Knitting Yarn,Rs. 500,(41),https://www.daraz.pk/products/100g-faux-long-fur-mink-plush-coarse-wool-fabric-and-crochet-coral-velvet-cotton-yarn-for-scarves-sweaters-crochet-knitting-yarn-i432753233.html
Crocheted Accessories,Yarn Storage Bag Round Knitting Wool Yarn Bags Organizer Crochet Sewing Needles Handbag Weave Tools Accessories Bowl Crafts Tote,"Rs. 1,800",(17),https://www.daraz.pk/products/yarn-storage-bag-round-knitting-wool-yarn-bags-organizer-crochet-sewing-needles-handbag-weave-tools-accessories-bowl-crafts-tote-i432477055.html
Crocheted Accessories,Knitting & Crochet Set All in one (64 Pieces)-KS,"Rs. 2,804",(5),https://www.daraz.pk/products/knitting-crochet-set-all-in-one-64-pieces-ks-i210076460.html
Crocheted Accessories,Plastic Handle Floral Aluminium Crochet Hooks Knitting Needle Set 2mm - 6mm,"Rs. 1,075",(10),https://www.daraz.pk/products/2-6-i109482165.html
Crocheted Accessories,Handmade Crochet Hair Tie | Cute Fruit Hair Accessories for Girls & Women | Andleeb Modern Crochet Work,Rs. 350,,https://www.daraz.pk/products/-i1950552556.html
Crocheted Accessories,PU Leather Bag Bottom Base with Metal Feet – DIY Handbag & Crochet Bag Accessories,Rs. 875,(18),https://www.daraz.pk/products/diy-i948009449.html
Crocheted Accessories,handmade Crochet Headband tulip flower: Handmade Adjustable Hair Accessory,Rs. 399,(1),https://www.daraz.pk/products/handmade-crochet-headband-tulip-flower-handmade-adjustable-hair-accessory-i1950038928.html
Crocheted Accessories,Rubber Grip Crochet Hook All Sizes 2mm-10mm,Rs. 145,(667),https://www.daraz.pk/products/2-10-i489545359.html
Crocheted Accessories,"Handmade Crochet Bow Keychain & Bag Charm – Wool Knitted Accessory for Keys, Pouches & Gifts",Rs. 150,,https://www.daraz.pk/products/-i1950774063.html
Crocheted Accessories,Rubber Grip Crochet Hook All Sizes 2mm-6mm,Rs. 169,(201),https://www.daraz.pk/products/2-6-i936354368.html
Crocheted Accessories,Handmade Crochet Sunflower Hairband | Customizable Color | Floral Hair Accessories for Girls & Women | Andleeb,Rs. 550,,https://www.daraz.pk/products/-i1950648491.html
Crocheted Accessories,1PC Colorful Knitting Crochet Aluminum Knitting Needle Crochet Needles Crochet Hook Set Sweater Stitch Tool Sewing Accessories,Rs. 138,(247),https://www.daraz.pk/products/1-i487499239.html
Crocheted Accessories,Rubber Grip Crochet Hooks Set 2mm–10mm Ergonomic Knitting Needles for Amigurumi & DIY Crafts,Rs. 187,(275),https://www.daraz.pk/products/2mm-5mm-diy-99-i896433471.html
Crocheted Accessories,7Cm Plastic Knitting Needles Crochet Hooks Tapestry Wool Yarn Needles Children Diy Sweater Weaving Tools 10 Pcs Funny Colorful-KS,Rs. 119,(535),https://www.daraz.pk/products/7cm-plastic-knitting-needles-crochet-hooks-tapestry-wool-yarn-needles-children-diy-sweater-weaving-tools-10-pcs-funny-colorful-ks-i210084206.html
Crocheted Accessories,100pcs Crochet Hooks Set Knitting Tool Accessories with Leather Case,"Rs. 1,399",(15),https://www.daraz.pk/products/100-i927356733.html
Crocheted Accessories,Handmade crochet tulip flower tie securely attached Available in all colors,Rs. 299,,https://www.daraz.pk/products/handmade-crochet-tulip-flower-tie-securely-attached-available-in-all-colors-i1950981463.html
Crocheted Accessories,"2Pcs Clear Acrylic Bag Bottom Shaper Cushion Base Round/Square Knitting Crochet Boards Bag Bottom Pad with Holes for DIY Crochet Bag Accessories, 4/6/8/10 inches Dia",Rs. 365,(75),https://www.daraz.pk/products/2-diy-68-i536970844.html
Crocheted Accessories,Aluminium Crochet Hook Set 12 pcs,Rs. 581,(225),https://www.daraz.pk/products/12-i437154591.html
Crocheted Accessories,Basic Sewing Knitting Tools Set Aluminum Crochet Hooks Needles Set Stitches knitting Needles Craft Weave Accessories With Case,"Rs. 1,730",(110),https://www.daraz.pk/products/-i133562719.html
Crocheted Accessories,100pcs 5-20mm Black Plastic Safety Eyes For Toys Amigurumi Diy Kit Crafts TeddyBear Toy Eye For Doll Decoration Accessories,"Rs. 1,640",(67),https://www.daraz.pk/products/100pcs-5-20mm-black-plastic-safety-eyes-for-toys-amigurumi-diy-kit-crafts-teddybear-toy-eye-for-doll-decoration-accessories-i431399864.html
Crocheted Accessories,"33 Pieces Knitting & Crochet Accessories Set – Plastic Stitch Needles, Crochet Hook, Locking Stitch Markers & Needle Clips",Rs. 120,(13),https://www.daraz.pk/products/33-1-i927369543.html
Crocheted Accessories,Aluminium Crochet Hook,Rs. 111,(293),https://www.daraz.pk/products/aluminium-crochet-hook-i104094141.html
Crocheted Accessories,Plastic crochet hook set 6pcs Size 2.5mm-5mm,Rs. 615,(247),https://www.daraz.pk/products/plastic-crochet-hook-set-6pcs-size-25mm-5mm-i148396650.html
Crocheted Accessories,"Yarn Vista | V.E.G.A Wool Touch Super Soft 8 Ply Acrylic Yarn – 90–100g | Thick Knitting & Crochet Wool | Warm, Fluffy, Anti-Pilling Yarn for Sweaters, Scarves, Caps (For 5–6mm Needles)",Rs. 420,(83),https://www.daraz.pk/products/8-90-100-5-6-i937493771.html
Crocheted Accessories,Rubber Grip Crochet Hook All Sizes 2mm-6mm,Rs. 169,(99),https://www.daraz.pk/products/2-6-i677530579.html
Crocheted Accessories,Quick Mart | Valvoto Velvet Yarn | 75–80g per Ball | Soft Candy Crush Velvet Wool | 4–5mm Knitting & Crochet Yarn | Luxury Plush Yarn for Garments & Accessories,Rs. 280,(2),https://www.daraz.pk/products/75-80-4-5-i1947752455.html
Crocheted Accessories,Aluminium Crochet Hook All sizes 2mm - 10mm,Rs. 103,(674),https://www.daraz.pk/products/aluminium-crochet-hook-all-sizes-2mm-10mm-i136170286.html
Crocheted Accessories,Crochet Hair bun Pin,Rs. 129,(1),https://www.daraz.pk/products/-i1947026948.html
Crocheted Accessories,WOOLLY Acrylic Yarn Knitting Crochet 3ply - 50g Ball,Rs. 348,(563),https://www.daraz.pk/products/3-50-i267817285.html
Crocheted Accessories,WOOLLY Blanket Yarn Ball Knitting Crochet 8-10MM Sweater Caps,Rs. 650,(180),https://www.daraz.pk/products/woolly-blanket-yarn-ball-knitting-crochet-8-10mm-sweater-caps-i462913499.html
Crocheted Accessories,20 Pcs Mix Color Crochet Locking Stitch Markers Stitch Needle Clip Knitting Crochet Markers,Rs. 184,(107),https://www.daraz.pk/products/20-i523066945.html
Crocheted Accessories,12 Sizes Multi-Color Aluminium Crochet Hooks Set (2mm - 10mm) - Choose Your Size for Knitting and Crochet,Rs. 130,(171),https://www.daraz.pk/products/12-2-8-i433281778.html
Crocheted Accessories,"3pcs Embroidery CROCHET HOOK 2 SIDED 3 (2-3, 2-4, 5-6)- PCS-KS",Rs. 364,(81),https://www.daraz.pk/products/3pcs-embroidery-crochet-hook-2-sided-3-2-3-2-4-5-6-pcs-ks-i210088131.html
Crocheted Accessories,"25g Milk Cotton Yarn – 100% Recycled Combed Cotton Yarn for Knitting, Crochet & DIY Crafts",Rs. 140,(36),https://www.daraz.pk/products/25-i937480649.html
Crocheted Accessories,"Luxbon Multicolor Aluminum Crochet Hook Set - 2-10mm, Select Size for Knitting & Craft Yarn Projects",Rs. 120,(88),https://www.daraz.pk/products/2-10-i880794346.html
Crocheted Accessories,100pcs Crochet Hooks Set Knitting Tool Accessories with Leather Case,"Rs. 1,199",(2),https://www.daraz.pk/products/100-i927519401.html
